firstname,lastname,email,password,username
Gisela,Lacy,lacy-gisela@hotmail.net,DSS37LTU3FN,GiselaLacy
Kasimir,Tanek,ktanek6972@google.edu,NKN66UMD3FJ,KasimirTanek
Kyra,Nola,nolakyra4991@hotmail.net,DTY83URL6DI,KyraNola
Kenyon,Lee,l_kenyon@aol.com,BHM67NBQ4UY,KenyonLee
Martina,Keiko,keiko_martina4103@protonmail.org,RCI90BKE1IH,MartinaKeiko
Aspen,Uriah,u_aspen4825@aol.com,AQX77HEW0YP,AspenUriah
Cameron,Farrah,c_farrah@outlook.ca,FRE08PTR7KT,CameronFarrah
Astra,Abraham,abraham-astra@icloud.net,CBM58KSE8HY,AstraAbraham
Drew,Harrison,d_harrison9422@aol.net,XYX80JKB5JH,DrewHarrison
Fitzgerald,Meredith,fitzgerald-meredith4570@hotmail.org,LGQ85SMH8ZY,FitzgeraldMeredith
Juliet,Kelsey,kelsey-juliet4375@yahoo.couk,AXA54JUV5CK,JulietKelsey
Amal,Chester,c.amal@aol.ca,VYE67QKX2OU,AmalChester
Raphael,Tasha,tasha.raphael3256@protonmail.edu,CXX54TDK5FI,RaphaelTasha
Gabriel,Isaiah,isaiah_gabriel8686@hotmail.couk,XCN27JZN7VQ,GabrielIsaiah
Mira,William,williammira@hotmail.org,HXG27YAK0XT,MiraWilliam
Marah,Rylee,r.marah@hotmail.edu,PVE48BKI3LD,MarahRylee
Eaton,Karina,karina_eaton6641@icloud.edu,VYF22EUZ4KW,EatonKarina
Randall,Blossom,brandall@outlook.org,RBI52MEC0MQ,RandallBlossom
Abigail,Ivory,ivoryabigail@hotmail.ca,JDT72MSY0TO,AbigailIvory
Kimberly,Harding,kharding2721@icloud.com,IUL46SOG0EM,KimberlyHarding
Yetta,Brent,y_brent1415@outlook.net,JDY58TOF2RT,YettaBrent
Nomlanga,Thane,thane-nomlanga9120@protonmail.com,LGC22TUT7FU,NomlangaThane
Rajah,Garth,rgarth@google.edu,GEG64KIL4GP,RajahGarth
Keely,Wynne,keely-wynne170@hotmail.net,KZR46VMW7UK,KeelyWynne
Brielle,Althea,althea_brielle@outlook.org,CFJ16MWJ2KO,BrielleAlthea
Hector,Anastasia,h.anastasia@google.org,VPW12OSK6VK,HectorAnastasia
Kathleen,Martena,m-kathleen4710@aol.edu,RQD76YLB1YD,KathleenMartena
Roth,Sophia,s.roth@outlook.couk,QEQ12YTJ7DU,RothSophia
Dean,Lareina,lareina_dean@google.couk,OMM62APN8TP,DeanLareina
Idona,Xantha,i.xantha@outlook.couk,BJR43HOV1PI,IdonaXantha
Alisa,Deirdre,a-deirdre@outlook.com,THL67XRW8VP,AlisaDeirdre
Wylie,Ronan,w.ronan1152@icloud.org,VEW41KKC0TJ,WylieRonan
Ingrid,Dale,idale@yahoo.org,AFN64QYD1TW,IngridDale
Malcolm,Guinevere,mguinevere5101@google.edu,YFA71AEE4HT,MalcolmGuinevere
Nicholas,Alfonso,a.nicholas@outlook.org,SQW86ZVI4TT,NicholasAlfonso
Graham,Heidi,hgraham741@hotmail.org,HNH43INP6RP,GrahamHeidi
Larissa,Wylie,wylielarissa@outlook.com,RLS71GOH8GF,LarissaWylie
Ahmed,Lillith,lillith_ahmed1773@yahoo.net,EFQ95TBB9VP,AhmedLillith
Melodie,Ethan,m.ethan6811@aol.couk,XUW63WON2OE,MelodieEthan
Mari,Randall,r.mari7341@aol.org,NDV79NJN2BK,MariRandall
Grady,Nathaniel,grady-nathaniel@icloud.com,SZE63JKH4DQ,GradyNathaniel
Dennis,Faith,f_dennis7355@outlook.com,KPL11EWS8BC,DennisFaith
Nissim,Wesley,nissim-wesley@aol.couk,BOW11MIM4RU,NissimWesley
Linda,Diana,lindadiana4164@aol.com,MOB43YUD9TQ,LindaDiana
Libby,Sasha,l.sasha@google.couk,NBY46GKM2CO,LibbySasha
Ebony,Camille,camille_ebony@protonmail.net,VJB15PAH5IK,EbonyCamille
Lane,Gisela,lane-gisela@yahoo.couk,BEO95RHQ6GC,LaneGisela
Adara,Zahir,zahir_adara2484@protonmail.edu,XCW28CUM3UB,AdaraZahir
Cherokee,Madaline,cherokee.madaline@outlook.couk,XIK32XXO8NO,CherokeeMadaline
Kimberley,Drew,d.kimberley4778@hotmail.net,KSO38UJS2BP,KimberleyDrew
